"","escolaridad","condici√≥n.de.asistencia.escolar","aptitud.de.leer.y.escribir","valor"
"1","Sin.escolaridad","Asiste","Sabe.leer.y.escribir",216002
"2","Sin.escolaridad","Asiste","Sabe.leer.y.escribir",495977
"3","Sin.escolaridad","Asiste","Sabe.leer.y.escribir",107786
"4","Sin.escolaridad","Asiste","Sabe.leer.y.escribir",129890
"5","Sin.escolaridad","Asiste","Sabe.leer.y.escribir",866691
"6","Sin.escolaridad","Asiste","Sabe.leer.y.escribir",528252
"7","Sin.escolaridad","Asiste","Sabe.leer.y.escribir",984731
"8","Sin.escolaridad","Asiste","Sabe.leer.y.escribir",445183
"9","Sin.escolaridad","Asiste","Sabe.leer.y.escribir",97826
"10","Sin.escolaridad","Asiste","Sabe.leer.y.escribir",279776
"11","Sin.escolaridad","Asiste","Sabe.leer.y.escribir",17554529
"12","Sin.escolaridad","Asiste","Sabe.leer.y.escribir",885523
"13","Sin.escolaridad","Asiste","Sabe.leer.y.escribir",539703
"14","Sin.escolaridad","Asiste","Sabe.leer.y.escribir",459299
"15","Sin.escolaridad","Asiste","Sabe.leer.y.escribir",1162772
"16","Sin.escolaridad","Asiste","Sabe.leer.y.escribir",2360317
"17","Sin.escolaridad","Asiste","Sabe.leer.y.escribir",683724
"18","Sin.escolaridad","Asiste","Sabe.leer.y.escribir",265391
"19","Sin.escolaridad","Asiste","Sabe.leer.y.escribir",182759
"20","Sin.escolaridad","Asiste","Sabe.leer.y.escribir",760365
"21","Sin.escolaridad","Asiste","Sabe.leer.y.escribir",626237
"22","Sin.escolaridad","Asiste","Sabe.leer.y.escribir",973929
"23","Sin.escolaridad","Asiste","Sabe.leer.y.escribir",326105
"24","Sin.escolaridad","Asiste","Sabe.leer.y.escribir",247471
"25","Sin.escolaridad","Asiste","Sabe.leer.y.escribir",407589
"26","Sin.escolaridad","Asiste","Sabe.leer.y.escribir",423134
"27","Sin.escolaridad","Asiste","Sabe.leer.y.escribir",408131
"28","Sin.escolaridad","Asiste","Sabe.leer.y.escribir",358182
"29","Sin.escolaridad","Asiste","Sabe.leer.y.escribir",492459
"30","Sin.escolaridad","Asiste","Sabe.leer.y.escribir",195624
"31","Sin.escolaridad","Asiste","Sabe.leer.y.escribir",1089659
"32","Sin.escolaridad","Asiste","Sabe.leer.y.escribir",302990
"33","Sin.escolaridad","Asiste","Sabe.leer.y.escribir",251052
"34","Preescolar","Asiste","Sabe.leer.y.escribir",216002
"35","Preescolar","Asiste","Sabe.leer.y.escribir",495977
"36","Preescolar","Asiste","Sabe.leer.y.escribir",107786
"37","Preescolar","Asiste","Sabe.leer.y.escribir",129890
"38","Preescolar","Asiste","Sabe.leer.y.escribir",866691
"39","Preescolar","Asiste","Sabe.leer.y.escribir",528252
"40","Preescolar","Asiste","Sabe.leer.y.escribir",984731
"41","Preescolar","Asiste","Sabe.leer.y.escribir",445183
"42","Preescolar","Asiste","Sabe.leer.y.escribir",97826
"43","Preescolar","Asiste","Sabe.leer.y.escribir",279776
"44","Preescolar","Asiste","Sabe.leer.y.escribir",17554529
"45","Preescolar","Asiste","Sabe.leer.y.escribir",885523
"46","Preescolar","Asiste","Sabe.leer.y.escribir",539703
"47","Preescolar","Asiste","Sabe.leer.y.escribir",459299
"48","Preescolar","Asiste","Sabe.leer.y.escribir",1162772
"49","Preescolar","Asiste","Sabe.leer.y.escribir",2360317
"50","Preescolar","Asiste","Sabe.leer.y.escribir",683724
"51","Preescolar","Asiste","Sabe.leer.y.escribir",265391
"52","Preescolar","Asiste","Sabe.leer.y.escribir",182759
"53","Preescolar","Asiste","Sabe.leer.y.escribir",760365
"54","Preescolar","Asiste","Sabe.leer.y.escribir",626237
"55","Preescolar","Asiste","Sabe.leer.y.escribir",973929
"56","Preescolar","Asiste","Sabe.leer.y.escribir",326105
"57","Preescolar","Asiste","Sabe.leer.y.escribir",247471
"58","Preescolar","Asiste","Sabe.leer.y.escribir",407589
"59","Preescolar","Asiste","Sabe.leer.y.escribir",423134
"60","Preescolar","Asiste","Sabe.leer.y.escribir",408131
"61","Preescolar","Asiste","Sabe.leer.y.escribir",358182
"62","Preescolar","Asiste","Sabe.leer.y.escribir",492459
"63","Preescolar","Asiste","Sabe.leer.y.escribir",195624
"64","Preescolar","Asiste","Sabe.leer.y.escribir",1089659
"65","Preescolar","Asiste","Sabe.leer.y.escribir",302990
"66","Preescolar","Asiste","Sabe.leer.y.escribir",251052
"67","Primaria","Asiste","Sabe.leer.y.escribir",216002
"68","Primaria","Asiste","Sabe.leer.y.escribir",495977
"69","Primaria","Asiste","Sabe.leer.y.escribir",107786
"70","Primaria","Asiste","Sabe.leer.y.escribir",129890
"71","Primaria","Asiste","Sabe.leer.y.escribir",866691
"72","Primaria","Asiste","Sabe.leer.y.escribir",528252
"73","Primaria","Asiste","Sabe.leer.y.escribir",984731
"74","Primaria","Asiste","Sabe.leer.y.escribir",445183
"75","Primaria","Asiste","Sabe.leer.y.escribir",97826
"76","Primaria","Asiste","Sabe.leer.y.escribir",279776
"77","Primaria","Asiste","Sabe.leer.y.escribir",17554529
"78","Primaria","Asiste","Sabe.leer.y.escribir",885523
"79","Primaria","Asiste","Sabe.leer.y.escribir",539703
"80","Primaria","Asiste","Sabe.leer.y.escribir",459299
"81","Primaria","Asiste","Sabe.leer.y.escribir",1162772
"82","Primaria","Asiste","Sabe.leer.y.escribir",2360317
"83","Primaria","Asiste","Sabe.leer.y.escribir",683724
"84","Primaria","Asiste","Sabe.leer.y.escribir",265391
"85","Primaria","Asiste","Sabe.leer.y.escribir",182759
"86","Primaria","Asiste","Sabe.leer.y.escribir",760365
"87","Primaria","Asiste","Sabe.leer.y.escribir",626237
"88","Primaria","Asiste","Sabe.leer.y.escribir",973929
"89","Primaria","Asiste","Sabe.leer.y.escribir",326105
"90","Primaria","Asiste","Sabe.leer.y.escribir",247471
"91","Primaria","Asiste","Sabe.leer.y.escribir",407589
"92","Primaria","Asiste","Sabe.leer.y.escribir",423134
"93","Primaria","Asiste","Sabe.leer.y.escribir",408131
"94","Primaria","Asiste","Sabe.leer.y.escribir",358182
"95","Primaria","Asiste","Sabe.leer.y.escribir",492459
"96","Primaria","Asiste","Sabe.leer.y.escribir",195624
"97","Primaria","Asiste","Sabe.leer.y.escribir",1089659
"98","Primaria","Asiste","Sabe.leer.y.escribir",302990
"99","Primaria","Asiste","Sabe.leer.y.escribir",251052
"100","Secundaria","Asiste","Sabe.leer.y.escribir",216002
"101","Secundaria","Asiste","Sabe.leer.y.escribir",495977
"102","Secundaria","Asiste","Sabe.leer.y.escribir",107786
"103","Secundaria","Asiste","Sabe.leer.y.escribir",129890
"104","Secundaria","Asiste","Sabe.leer.y.escribir",866691
"105","Secundaria","Asiste","Sabe.leer.y.escribir",528252
"106","Secundaria","Asiste","Sabe.leer.y.escribir",984731
"107","Secundaria","Asiste","Sabe.leer.y.escribir",445183
"108","Secundaria","Asiste","Sabe.leer.y.escribir",97826
"109","Secundaria","Asiste","Sabe.leer.y.escribir",279776
"110","Secundaria","Asiste","Sabe.leer.y.escribir",17554529
"111","Secundaria","Asiste","Sabe.leer.y.escribir",885523
"112","Secundaria","Asiste","Sabe.leer.y.escribir",539703
"113","Secundaria","Asiste","Sabe.leer.y.escribir",459299
"114","Secundaria","Asiste","Sabe.leer.y.escribir",1162772
"115","Secundaria","Asiste","Sabe.leer.y.escribir",2360317
"116","Secundaria","Asiste","Sabe.leer.y.escribir",683724
"117","Secundaria","Asiste","Sabe.leer.y.escribir",265391
"118","Secundaria","Asiste","Sabe.leer.y.escribir",182759
"119","Secundaria","Asiste","Sabe.leer.y.escribir",760365
"120","Secundaria","Asiste","Sabe.leer.y.escribir",626237
"121","Secundaria","Asiste","Sabe.leer.y.escribir",973929
"122","Secundaria","Asiste","Sabe.leer.y.escribir",326105
"123","Secundaria","Asiste","Sabe.leer.y.escribir",247471
"124","Secundaria","Asiste","Sabe.leer.y.escribir",407589
"125","Secundaria","Asiste","Sabe.leer.y.escribir",423134
"126","Secundaria","Asiste","Sabe.leer.y.escribir",408131
"127","Secundaria","Asiste","Sabe.leer.y.escribir",358182
"128","Secundaria","Asiste","Sabe.leer.y.escribir",492459
"129","Secundaria","Asiste","Sabe.leer.y.escribir",195624
"130","Secundaria","Asiste","Sabe.leer.y.escribir",1089659
"131","Secundaria","Asiste","Sabe.leer.y.escribir",302990
"132","Secundaria","Asiste","Sabe.leer.y.escribir",251052
"133","Preparatoria.o.bachillerato","Asiste","Sabe.leer.y.escribir",216002
"134","Preparatoria.o.bachillerato","Asiste","Sabe.leer.y.escribir",495977
"135","Preparatoria.o.bachillerato","Asiste","Sabe.leer.y.escribir",107786
"136","Preparatoria.o.bachillerato","Asiste","Sabe.leer.y.escribir",129890
"137","Preparatoria.o.bachillerato","Asiste","Sabe.leer.y.escribir",866691
"138","Preparatoria.o.bachillerato","Asiste","Sabe.leer.y.escribir",528252
"139","Preparatoria.o.bachillerato","Asiste","Sabe.leer.y.escribir",984731
"140","Preparatoria.o.bachillerato","Asiste","Sabe.leer.y.escribir",445183
"141","Preparatoria.o.bachillerato","Asiste","Sabe.leer.y.escribir",97826
"142","Preparatoria.o.bachillerato","Asiste","Sabe.leer.y.escribir",279776
"143","Preparatoria.o.bachillerato","Asiste","Sabe.leer.y.escribir",17554529
"144","Preparatoria.o.bachillerato","Asiste","Sabe.leer.y.escribir",885523
"145","Preparatoria.o.bachillerato","Asiste","Sabe.leer.y.escribir",539703
"146","Preparatoria.o.bachillerato","Asiste","Sabe.leer.y.escribir",459299
"147","Preparatoria.o.bachillerato","Asiste","Sabe.leer.y.escribir",1162772
"148","Preparatoria.o.bachillerato","Asiste","Sabe.leer.y.escribir",2360317
"149","Preparatoria.o.bachillerato","Asiste","Sabe.leer.y.escribir",683724
"150","Preparatoria.o.bachillerato","Asiste","Sabe.leer.y.escribir",265391
"151","Preparatoria.o.bachillerato","Asiste","Sabe.leer.y.escribir",182759
"152","Preparatoria.o.bachillerato","Asiste","Sabe.leer.y.escribir",760365
"153","Preparatoria.o.bachillerato","Asiste","Sabe.leer.y.escribir",626237
"154","Preparatoria.o.bachillerato","Asiste","Sabe.leer.y.escribir",973929
"155","Preparatoria.o.bachillerato","Asiste","Sabe.leer.y.escribir",326105
"156","Preparatoria.o.bachillerato","Asiste","Sabe.leer.y.escribir",247471
"157","Preparatoria.o.bachillerato","Asiste","Sabe.leer.y.escribir",407589
"158","Preparatoria.o.bachillerato","Asiste","Sabe.leer.y.escribir",423134
"159","Preparatoria.o.bachillerato","Asiste","Sabe.leer.y.escribir",408131
"160","Preparatoria.o.bachillerato","Asiste","Sabe.leer.y.escribir",358182
"161","Preparatoria.o.bachillerato","Asiste","Sabe.leer.y.escribir",492459
"162","Preparatoria.o.bachillerato","Asiste","Sabe.leer.y.escribir",195624
"163","Preparatoria.o.bachillerato","Asiste","Sabe.leer.y.escribir",1089659
"164","Preparatoria.o.bachillerato","Asiste","Sabe.leer.y.escribir",302990
"165","Preparatoria.o.bachillerato","Asiste","Sabe.leer.y.escribir",251052
"166","Licenciatura.o.equivalente","Asiste","Sabe.leer.y.escribir",216002
"167","Licenciatura.o.equivalente","Asiste","Sabe.leer.y.escribir",495977
"168","Licenciatura.o.equivalente","Asiste","Sabe.leer.y.escribir",107786
"169","Licenciatura.o.equivalente","Asiste","Sabe.leer.y.escribir",129890
"170","Licenciatura.o.equivalente","Asiste","Sabe.leer.y.escribir",866691
"171","Licenciatura.o.equivalente","Asiste","Sabe.leer.y.escribir",528252
"172","Licenciatura.o.equivalente","Asiste","Sabe.leer.y.escribir",984731
"173","Licenciatura.o.equivalente","Asiste","Sabe.leer.y.escribir",445183
"174","Licenciatura.o.equivalente","Asiste","Sabe.leer.y.escribir",97826
"175","Licenciatura.o.equivalente","Asiste","Sabe.leer.y.escribir",279776
"176","Licenciatura.o.equivalente","Asiste","Sabe.leer.y.escribir",17554529
"177","Licenciatura.o.equivalente","Asiste","Sabe.leer.y.escribir",885523
"178","Licenciatura.o.equivalente","Asiste","Sabe.leer.y.escribir",539703
"179","Licenciatura.o.equivalente","Asiste","Sabe.leer.y.escribir",459299
"180","Licenciatura.o.equivalente","Asiste","Sabe.leer.y.escribir",1162772
"181","Licenciatura.o.equivalente","Asiste","Sabe.leer.y.escribir",2360317
"182","Licenciatura.o.equivalente","Asiste","Sabe.leer.y.escribir",683724
"183","Licenciatura.o.equivalente","Asiste","Sabe.leer.y.escribir",265391
"184","Licenciatura.o.equivalente","Asiste","Sabe.leer.y.escribir",182759
"185","Licenciatura.o.equivalente","Asiste","Sabe.leer.y.escribir",760365
"186","Licenciatura.o.equivalente","Asiste","Sabe.leer.y.escribir",626237
"187","Licenciatura.o.equivalente","Asiste","Sabe.leer.y.escribir",973929
"188","Licenciatura.o.equivalente","Asiste","Sabe.leer.y.escribir",326105
"189","Licenciatura.o.equivalente","Asiste","Sabe.leer.y.escribir",247471
"190","Licenciatura.o.equivalente","Asiste","Sabe.leer.y.escribir",407589
"191","Licenciatura.o.equivalente","Asiste","Sabe.leer.y.escribir",423134
"192","Licenciatura.o.equivalente","Asiste","Sabe.leer.y.escribir",408131
"193","Licenciatura.o.equivalente","Asiste","Sabe.leer.y.escribir",358182
"194","Licenciatura.o.equivalente","Asiste","Sabe.leer.y.escribir",492459
"195","Licenciatura.o.equivalente","Asiste","Sabe.leer.y.escribir",195624
"196","Licenciatura.o.equivalente","Asiste","Sabe.leer.y.escribir",1089659
"197","Licenciatura.o.equivalente","Asiste","Sabe.leer.y.escribir",302990
"198","Licenciatura.o.equivalente","Asiste","Sabe.leer.y.escribir",251052
"199","Posgrado","Asiste","Sabe.leer.y.escribir",216002
"200","Posgrado","Asiste","Sabe.leer.y.escribir",495977
"201","Posgrado","Asiste","Sabe.leer.y.escribir",107786
"202","Posgrado","Asiste","Sabe.leer.y.escribir",129890
"203","Posgrado","Asiste","Sabe.leer.y.escribir",866691
"204","Posgrado","Asiste","Sabe.leer.y.escribir",528252
"205","Posgrado","Asiste","Sabe.leer.y.escribir",984731
"206","Posgrado","Asiste","Sabe.leer.y.escribir",445183
"207","Posgrado","Asiste","Sabe.leer.y.escribir",97826
"208","Posgrado","Asiste","Sabe.leer.y.escribir",279776
"209","Posgrado","Asiste","Sabe.leer.y.escribir",17554529
"210","Posgrado","Asiste","Sabe.leer.y.escribir",885523
"211","Posgrado","Asiste","Sabe.leer.y.escribir",539703
"212","Posgrado","Asiste","Sabe.leer.y.escribir",459299
"213","Posgrado","Asiste","Sabe.leer.y.escribir",1162772
"214","Posgrado","Asiste","Sabe.leer.y.escribir",2360317
"215","Posgrado","Asiste","Sabe.leer.y.escribir",683724
"216","Posgrado","Asiste","Sabe.leer.y.escribir",265391
"217","Posgrado","Asiste","Sabe.leer.y.escribir",182759
"218","Posgrado","Asiste","Sabe.leer.y.escribir",760365
"219","Posgrado","Asiste","Sabe.leer.y.escribir",626237
"220","Posgrado","Asiste","Sabe.leer.y.escribir",973929
"221","Posgrado","Asiste","Sabe.leer.y.escribir",326105
"222","Posgrado","Asiste","Sabe.leer.y.escribir",247471
"223","Posgrado","Asiste","Sabe.leer.y.escribir",407589
"224","Posgrado","Asiste","Sabe.leer.y.escribir",423134
"225","Posgrado","Asiste","Sabe.leer.y.escribir",408131
"226","Posgrado","Asiste","Sabe.leer.y.escribir",358182
"227","Posgrado","Asiste","Sabe.leer.y.escribir",492459
"228","Posgrado","Asiste","Sabe.leer.y.escribir",195624
"229","Posgrado","Asiste","Sabe.leer.y.escribir",1089659
"230","Posgrado","Asiste","Sabe.leer.y.escribir",302990
"231","Posgrado","Asiste","Sabe.leer.y.escribir",251052
"232","Sin.escolaridad","No.asiste","Sabe.leer.y.escribir",216002
"233","Sin.escolaridad","No.asiste","Sabe.leer.y.escribir",495977
"234","Sin.escolaridad","No.asiste","Sabe.leer.y.escribir",107786
"235","Sin.escolaridad","No.asiste","Sabe.leer.y.escribir",129890
"236","Sin.escolaridad","No.asiste","Sabe.leer.y.escribir",866691
"237","Sin.escolaridad","No.asiste","Sabe.leer.y.escribir",528252
"238","Sin.escolaridad","No.asiste","Sabe.leer.y.escribir",984731
"239","Sin.escolaridad","No.asiste","Sabe.leer.y.escribir",445183
"240","Sin.escolaridad","No.asiste","Sabe.leer.y.escribir",97826
"241","Sin.escolaridad","No.asiste","Sabe.leer.y.escribir",279776
"242","Sin.escolaridad","No.asiste","Sabe.leer.y.escribir",17554529
"243","Sin.escolaridad","No.asiste","Sabe.leer.y.escribir",885523
"244","Sin.escolaridad","No.asiste","Sabe.leer.y.escribir",539703
"245","Sin.escolaridad","No.asiste","Sabe.leer.y.escribir",459299
"246","Sin.escolaridad","No.asiste","Sabe.leer.y.escribir",1162772
"247","Sin.escolaridad","No.asiste","Sabe.leer.y.escribir",2360317
"248","Sin.escolaridad","No.asiste","Sabe.leer.y.escribir",683724
"249","Sin.escolaridad","No.asiste","Sabe.leer.y.escribir",265391
"250","Sin.escolaridad","No.asiste","Sabe.leer.y.escribir",182759
"251","Sin.escolaridad","No.asiste","Sabe.leer.y.escribir",760365
"252","Sin.escolaridad","No.asiste","Sabe.leer.y.escribir",626237
"253","Sin.escolaridad","No.asiste","Sabe.leer.y.escribir",973929
"254","Sin.escolaridad","No.asiste","Sabe.leer.y.escribir",326105
"255","Sin.escolaridad","No.asiste","Sabe.leer.y.escribir",247471
"256","Sin.escolaridad","No.asiste","Sabe.leer.y.escribir",407589
"257","Sin.escolaridad","No.asiste","Sabe.leer.y.escribir",423134
"258","Sin.escolaridad","No.asiste","Sabe.leer.y.escribir",408131
"259","Sin.escolaridad","No.asiste","Sabe.leer.y.escribir",358182
"260","Sin.escolaridad","No.asiste","Sabe.leer.y.escribir",492459
"261","Sin.escolaridad","No.asiste","Sabe.leer.y.escribir",195624
"262","Sin.escolaridad","No.asiste","Sabe.leer.y.escribir",1089659
"263","Sin.escolaridad","No.asiste","Sabe.leer.y.escribir",302990
"264","Sin.escolaridad","No.asiste","Sabe.leer.y.escribir",251052
"265","Preescolar","No.asiste","Sabe.leer.y.escribir",216002
"266","Preescolar","No.asiste","Sabe.leer.y.escribir",495977
"267","Preescolar","No.asiste","Sabe.leer.y.escribir",107786
"268","Preescolar","No.asiste","Sabe.leer.y.escribir",129890
"269","Preescolar","No.asiste","Sabe.leer.y.escribir",866691
"270","Preescolar","No.asiste","Sabe.leer.y.escribir",528252
"271","Preescolar","No.asiste","Sabe.leer.y.escribir",984731
"272","Preescolar","No.asiste","Sabe.leer.y.escribir",445183
"273","Preescolar","No.asiste","Sabe.leer.y.escribir",97826
"274","Preescolar","No.asiste","Sabe.leer.y.escribir",279776
"275","Preescolar","No.asiste","Sabe.leer.y.escribir",17554529
"276","Preescolar","No.asiste","Sabe.leer.y.escribir",885523
"277","Preescolar","No.asiste","Sabe.leer.y.escribir",539703
"278","Preescolar","No.asiste","Sabe.leer.y.escribir",459299
"279","Preescolar","No.asiste","Sabe.leer.y.escribir",1162772
"280","Preescolar","No.asiste","Sabe.leer.y.escribir",2360317
"281","Preescolar","No.asiste","Sabe.leer.y.escribir",683724
"282","Preescolar","No.asiste","Sabe.leer.y.escribir",265391
"283","Preescolar","No.asiste","Sabe.leer.y.escribir",182759
"284","Preescolar","No.asiste","Sabe.leer.y.escribir",760365
"285","Preescolar","No.asiste","Sabe.leer.y.escribir",626237
"286","Preescolar","No.asiste","Sabe.leer.y.escribir",973929
"287","Preescolar","No.asiste","Sabe.leer.y.escribir",326105
"288","Preescolar","No.asiste","Sabe.leer.y.escribir",247471
"289","Preescolar","No.asiste","Sabe.leer.y.escribir",407589
"290","Preescolar","No.asiste","Sabe.leer.y.escribir",423134
"291","Preescolar","No.asiste","Sabe.leer.y.escribir",408131
"292","Preescolar","No.asiste","Sabe.leer.y.escribir",358182
"293","Preescolar","No.asiste","Sabe.leer.y.escribir",492459
"294","Preescolar","No.asiste","Sabe.leer.y.escribir",195624
"295","Preescolar","No.asiste","Sabe.leer.y.escribir",1089659
"296","Preescolar","No.asiste","Sabe.leer.y.escribir",302990
"297","Preescolar","No.asiste","Sabe.leer.y.escribir",251052
"298","Primaria","No.asiste","Sabe.leer.y.escribir",216002
"299","Primaria","No.asiste","Sabe.leer.y.escribir",495977
"300","Primaria","No.asiste","Sabe.leer.y.escribir",107786
"301","Primaria","No.asiste","Sabe.leer.y.escribir",129890
"302","Primaria","No.asiste","Sabe.leer.y.escribir",866691
"303","Primaria","No.asiste","Sabe.leer.y.escribir",528252
"304","Primaria","No.asiste","Sabe.leer.y.escribir",984731
"305","Primaria","No.asiste","Sabe.leer.y.escribir",445183
"306","Primaria","No.asiste","Sabe.leer.y.escribir",97826
"307","Primaria","No.asiste","Sabe.leer.y.escribir",279776
"308","Primaria","No.asiste","Sabe.leer.y.escribir",17554529
"309","Primaria","No.asiste","Sabe.leer.y.escribir",885523
"310","Primaria","No.asiste","Sabe.leer.y.escribir",539703
"311","Primaria","No.asiste","Sabe.leer.y.escribir",459299
"312","Primaria","No.asiste","Sabe.leer.y.escribir",1162772
"313","Primaria","No.asiste","Sabe.leer.y.escribir",2360317
"314","Primaria","No.asiste","Sabe.leer.y.escribir",683724
"315","Primaria","No.asiste","Sabe.leer.y.escribir",265391
"316","Primaria","No.asiste","Sabe.leer.y.escribir",182759
"317","Primaria","No.asiste","Sabe.leer.y.escribir",760365
"318","Primaria","No.asiste","Sabe.leer.y.escribir",626237
"319","Primaria","No.asiste","Sabe.leer.y.escribir",973929
"320","Primaria","No.asiste","Sabe.leer.y.escribir",326105
"321","Primaria","No.asiste","Sabe.leer.y.escribir",247471
"322","Primaria","No.asiste","Sabe.leer.y.escribir",407589
"323","Primaria","No.asiste","Sabe.leer.y.escribir",423134
"324","Primaria","No.asiste","Sabe.leer.y.escribir",408131
"325","Primaria","No.asiste","Sabe.leer.y.escribir",358182
"326","Primaria","No.asiste","Sabe.leer.y.escribir",492459
"327","Primaria","No.asiste","Sabe.leer.y.escribir",195624
"328","Primaria","No.asiste","Sabe.leer.y.escribir",1089659
"329","Primaria","No.asiste","Sabe.leer.y.escribir",302990
"330","Primaria","No.asiste","Sabe.leer.y.escribir",251052
"331","Secundaria","No.asiste","Sabe.leer.y.escribir",216002
"332","Secundaria","No.asiste","Sabe.leer.y.escribir",495977
"333","Secundaria","No.asiste","Sabe.leer.y.escribir",107786
"334","Secundaria","No.asiste","Sabe.leer.y.escribir",129890
"335","Secundaria","No.asiste","Sabe.leer.y.escribir",866691
"336","Secundaria","No.asiste","Sabe.leer.y.escribir",528252
"337","Secundaria","No.asiste","Sabe.leer.y.escribir",984731
"338","Secundaria","No.asiste","Sabe.leer.y.escribir",445183
"339","Secundaria","No.asiste","Sabe.leer.y.escribir",97826
"340","Secundaria","No.asiste","Sabe.leer.y.escribir",279776
"341","Secundaria","No.asiste","Sabe.leer.y.escribir",17554529
"342","Secundaria","No.asiste","Sabe.leer.y.escribir",885523
"343","Secundaria","No.asiste","Sabe.leer.y.escribir",539703
"344","Secundaria","No.asiste","Sabe.leer.y.escribir",459299
"345","Secundaria","No.asiste","Sabe.leer.y.escribir",1162772
"346","Secundaria","No.asiste","Sabe.leer.y.escribir",2360317
"347","Secundaria","No.asiste","Sabe.leer.y.escribir",683724
"348","Secundaria","No.asiste","Sabe.leer.y.escribir",265391
"349","Secundaria","No.asiste","Sabe.leer.y.escribir",182759
"350","Secundaria","No.asiste","Sabe.leer.y.escribir",760365
"351","Secundaria","No.asiste","Sabe.leer.y.escribir",626237
"352","Secundaria","No.asiste","Sabe.leer.y.escribir",973929
"353","Secundaria","No.asiste","Sabe.leer.y.escribir",326105
"354","Secundaria","No.asiste","Sabe.leer.y.escribir",247471
"355","Secundaria","No.asiste","Sabe.leer.y.escribir",407589
"356","Secundaria","No.asiste","Sabe.leer.y.escribir",423134
"357","Secundaria","No.asiste","Sabe.leer.y.escribir",408131
"358","Secundaria","No.asiste","Sabe.leer.y.escribir",358182
"359","Secundaria","No.asiste","Sabe.leer.y.escribir",492459
"360","Secundaria","No.asiste","Sabe.leer.y.escribir",195624
"361","Secundaria","No.asiste","Sabe.leer.y.escribir",1089659
"362","Secundaria","No.asiste","Sabe.leer.y.escribir",302990
"363","Secundaria","No.asiste","Sabe.leer.y.escribir",251052
"364","Preparatoria.o.bachillerato","No.asiste","Sabe.leer.y.escribir",216002
"365","Preparatoria.o.bachillerato","No.asiste","Sabe.leer.y.escribir",495977
"366","Preparatoria.o.bachillerato","No.asiste","Sabe.leer.y.escribir",107786
"367","Preparatoria.o.bachillerato","No.asiste","Sabe.leer.y.escribir",129890
"368","Preparatoria.o.bachillerato","No.asiste","Sabe.leer.y.escribir",866691
"369","Preparatoria.o.bachillerato","No.asiste","Sabe.leer.y.escribir",528252
"370","Preparatoria.o.bachillerato","No.asiste","Sabe.leer.y.escribir",984731
"371","Preparatoria.o.bachillerato","No.asiste","Sabe.leer.y.escribir",445183
"372","Preparatoria.o.bachillerato","No.asiste","Sabe.leer.y.escribir",97826
"373","Preparatoria.o.bachillerato","No.asiste","Sabe.leer.y.escribir",279776
"374","Preparatoria.o.bachillerato","No.asiste","Sabe.leer.y.escribir",17554529
"375","Preparatoria.o.bachillerato","No.asiste","Sabe.leer.y.escribir",885523
"376","Preparatoria.o.bachillerato","No.asiste","Sabe.leer.y.escribir",539703
"377","Preparatoria.o.bachillerato","No.asiste","Sabe.leer.y.escribir",459299
"378","Preparatoria.o.bachillerato","No.asiste","Sabe.leer.y.escribir",1162772
"379","Preparatoria.o.bachillerato","No.asiste","Sabe.leer.y.escribir",2360317
"380","Preparatoria.o.bachillerato","No.asiste","Sabe.leer.y.escribir",683724
"381","Preparatoria.o.bachillerato","No.asiste","Sabe.leer.y.escribir",265391
"382","Preparatoria.o.bachillerato","No.asiste","Sabe.leer.y.escribir",182759
"383","Preparatoria.o.bachillerato","No.asiste","Sabe.leer.y.escribir",760365
"384","Preparatoria.o.bachillerato","No.asiste","Sabe.leer.y.escribir",626237
"385","Preparatoria.o.bachillerato","No.asiste","Sabe.leer.y.escribir",973929
"386","Preparatoria.o.bachillerato","No.asiste","Sabe.leer.y.escribir",326105
"387","Preparatoria.o.bachillerato","No.asiste","Sabe.leer.y.escribir",247471
"388","Preparatoria.o.bachillerato","No.asiste","Sabe.leer.y.escribir",407589
"389","Preparatoria.o.bachillerato","No.asiste","Sabe.leer.y.escribir",423134
"390","Preparatoria.o.bachillerato","No.asiste","Sabe.leer.y.escribir",408131
"391","Preparatoria.o.bachillerato","No.asiste","Sabe.leer.y.escribir",358182
"392","Preparatoria.o.bachillerato","No.asiste","Sabe.leer.y.escribir",492459
"393","Preparatoria.o.bachillerato","No.asiste","Sabe.leer.y.escribir",195624
"394","Preparatoria.o.bachillerato","No.asiste","Sabe.leer.y.escribir",1089659
"395","Preparatoria.o.bachillerato","No.asiste","Sabe.leer.y.escribir",302990
"396","Preparatoria.o.bachillerato","No.asiste","Sabe.leer.y.escribir",251052
"397","Licenciatura.o.equivalente","No.asiste","Sabe.leer.y.escribir",216002
"398","Licenciatura.o.equivalente","No.asiste","Sabe.leer.y.escribir",495977
"399","Licenciatura.o.equivalente","No.asiste","Sabe.leer.y.escribir",107786
"400","Licenciatura.o.equivalente","No.asiste","Sabe.leer.y.escribir",129890
"401","Licenciatura.o.equivalente","No.asiste","Sabe.leer.y.escribir",866691
"402","Licenciatura.o.equivalente","No.asiste","Sabe.leer.y.escribir",528252
"403","Licenciatura.o.equivalente","No.asiste","Sabe.leer.y.escribir",984731
"404","Licenciatura.o.equivalente","No.asiste","Sabe.leer.y.escribir",445183
"405","Licenciatura.o.equivalente","No.asiste","Sabe.leer.y.escribir",97826
"406","Licenciatura.o.equivalente","No.asiste","Sabe.leer.y.escribir",279776
"407","Licenciatura.o.equivalente","No.asiste","Sabe.leer.y.escribir",17554529
"408","Licenciatura.o.equivalente","No.asiste","Sabe.leer.y.escribir",885523
"409","Licenciatura.o.equivalente","No.asiste","Sabe.leer.y.escribir",539703
"410","Licenciatura.o.equivalente","No.asiste","Sabe.leer.y.escribir",459299
"411","Licenciatura.o.equivalente","No.asiste","Sabe.leer.y.escribir",1162772
"412","Licenciatura.o.equivalente","No.asiste","Sabe.leer.y.escribir",2360317
"413","Licenciatura.o.equivalente","No.asiste","Sabe.leer.y.escribir",683724
"414","Licenciatura.o.equivalente","No.asiste","Sabe.leer.y.escribir",265391
"415","Licenciatura.o.equivalente","No.asiste","Sabe.leer.y.escribir",182759
"416","Licenciatura.o.equivalente","No.asiste","Sabe.leer.y.escribir",760365
"417","Licenciatura.o.equivalente","No.asiste","Sabe.leer.y.escribir",626237
"418","Licenciatura.o.equivalente","No.asiste","Sabe.leer.y.escribir",973929
"419","Licenciatura.o.equivalente","No.asiste","Sabe.leer.y.escribir",326105
"420","Licenciatura.o.equivalente","No.asiste","Sabe.leer.y.escribir",247471
"421","Licenciatura.o.equivalente","No.asiste","Sabe.leer.y.escribir",407589
"422","Licenciatura.o.equivalente","No.asiste","Sabe.leer.y.escribir",423134
"423","Licenciatura.o.equivalente","No.asiste","Sabe.leer.y.escribir",408131
"424","Licenciatura.o.equivalente","No.asiste","Sabe.leer.y.escribir",358182
"425","Licenciatura.o.equivalente","No.asiste","Sabe.leer.y.escribir",492459
"426","Licenciatura.o.equivalente","No.asiste","Sabe.leer.y.escribir",195624
"427","Licenciatura.o.equivalente","No.asiste","Sabe.leer.y.escribir",1089659
"428","Licenciatura.o.equivalente","No.asiste","Sabe.leer.y.escribir",302990
"429","Licenciatura.o.equivalente","No.asiste","Sabe.leer.y.escribir",251052
"430","Posgrado","No.asiste","Sabe.leer.y.escribir",216002
"431","Posgrado","No.asiste","Sabe.leer.y.escribir",495977
"432","Posgrado","No.asiste","Sabe.leer.y.escribir",107786
"433","Posgrado","No.asiste","Sabe.leer.y.escribir",129890
"434","Posgrado","No.asiste","Sabe.leer.y.escribir",866691
"435","Posgrado","No.asiste","Sabe.leer.y.escribir",528252
"436","Posgrado","No.asiste","Sabe.leer.y.escribir",984731
"437","Posgrado","No.asiste","Sabe.leer.y.escribir",445183
"438","Posgrado","No.asiste","Sabe.leer.y.escribir",97826
"439","Posgrado","No.asiste","Sabe.leer.y.escribir",279776
"440","Posgrado","No.asiste","Sabe.leer.y.escribir",17554529
"441","Posgrado","No.asiste","Sabe.leer.y.escribir",885523
"442","Posgrado","No.asiste","Sabe.leer.y.escribir",539703
"443","Posgrado","No.asiste","Sabe.leer.y.escribir",459299
"444","Posgrado","No.asiste","Sabe.leer.y.escribir",1162772
"445","Posgrado","No.asiste","Sabe.leer.y.escribir",2360317
"446","Posgrado","No.asiste","Sabe.leer.y.escribir",683724
"447","Posgrado","No.asiste","Sabe.leer.y.escribir",265391
"448","Posgrado","No.asiste","Sabe.leer.y.escribir",182759
"449","Posgrado","No.asiste","Sabe.leer.y.escribir",760365
"450","Posgrado","No.asiste","Sabe.leer.y.escribir",626237
"451","Posgrado","No.asiste","Sabe.leer.y.escribir",973929
"452","Posgrado","No.asiste","Sabe.leer.y.escribir",326105
"453","Posgrado","No.asiste","Sabe.leer.y.escribir",247471
"454","Posgrado","No.asiste","Sabe.leer.y.escribir",407589
"455","Posgrado","No.asiste","Sabe.leer.y.escribir",423134
"456","Posgrado","No.asiste","Sabe.leer.y.escribir",408131
"457","Posgrado","No.asiste","Sabe.leer.y.escribir",358182
"458","Posgrado","No.asiste","Sabe.leer.y.escribir",492459
"459","Posgrado","No.asiste","Sabe.leer.y.escribir",195624
"460","Posgrado","No.asiste","Sabe.leer.y.escribir",1089659
"461","Posgrado","No.asiste","Sabe.leer.y.escribir",302990
"462","Posgrado","No.asiste","Sabe.leer.y.escribir",251052
"463","Sin.escolaridad","Asiste","No.sabe.leer.y.escribir",17770
"464","Sin.escolaridad","Asiste","No.sabe.leer.y.escribir",52605
"465","Sin.escolaridad","Asiste","No.sabe.leer.y.escribir",12780
"466","Sin.escolaridad","Asiste","No.sabe.leer.y.escribir",14959
"467","Sin.escolaridad","Asiste","No.sabe.leer.y.escribir",202707
"468","Sin.escolaridad","Asiste","No.sabe.leer.y.escribir",55258
"469","Sin.escolaridad","Asiste","No.sabe.leer.y.escribir",69130
"470","Sin.escolaridad","Asiste","No.sabe.leer.y.escribir",39038
"471","Sin.escolaridad","Asiste","No.sabe.leer.y.escribir",10818
"472","Sin.escolaridad","Asiste","No.sabe.leer.y.escribir",29229
"473","Sin.escolaridad","Asiste","No.sabe.leer.y.escribir",1871713
"474","Sin.escolaridad","Asiste","No.sabe.leer.y.escribir",92904
"475","Sin.escolaridad","Asiste","No.sabe.leer.y.escribir",87642
"476","Sin.escolaridad","Asiste","No.sabe.leer.y.escribir",39154
"477","Sin.escolaridad","Asiste","No.sabe.leer.y.escribir",118430
"478","Sin.escolaridad","Asiste","No.sabe.leer.y.escribir",179003
"479","Sin.escolaridad","Asiste","No.sabe.leer.y.escribir",92930
"480","Sin.escolaridad","Asiste","No.sabe.leer.y.escribir",24358
"481","Sin.escolaridad","Asiste","No.sabe.leer.y.escribir",21475
"482","Sin.escolaridad","Asiste","No.sabe.leer.y.escribir",63377
"483","Sin.escolaridad","Asiste","No.sabe.leer.y.escribir",78056
"484","Sin.escolaridad","Asiste","No.sabe.leer.y.escribir",102130
"485","Sin.escolaridad","Asiste","No.sabe.leer.y.escribir",28115
"486","Sin.escolaridad","Asiste","No.sabe.leer.y.escribir",28565
"487","Sin.escolaridad","Asiste","No.sabe.leer.y.escribir",35962
"488","Sin.escolaridad","Asiste","No.sabe.leer.y.escribir",36602
"489","Sin.escolaridad","Asiste","No.sabe.leer.y.escribir",46085
"490","Sin.escolaridad","Asiste","No.sabe.leer.y.escribir",42302
"491","Sin.escolaridad","Asiste","No.sabe.leer.y.escribir",45839
"492","Sin.escolaridad","Asiste","No.sabe.leer.y.escribir",16874
"493","Sin.escolaridad","Asiste","No.sabe.leer.y.escribir",131758
"494","Sin.escolaridad","Asiste","No.sabe.leer.y.escribir",32779
"495","Sin.escolaridad","Asiste","No.sabe.leer.y.escribir",23079
"496","Preescolar","Asiste","No.sabe.leer.y.escribir",17770
"497","Preescolar","Asiste","No.sabe.leer.y.escribir",52605
"498","Preescolar","Asiste","No.sabe.leer.y.escribir",12780
"499","Preescolar","Asiste","No.sabe.leer.y.escribir",14959
"500","Preescolar","Asiste","No.sabe.leer.y.escribir",202707
"501","Preescolar","Asiste","No.sabe.leer.y.escribir",55258
"502","Preescolar","Asiste","No.sabe.leer.y.escribir",69130
"503","Preescolar","Asiste","No.sabe.leer.y.escribir",39038
"504","Preescolar","Asiste","No.sabe.leer.y.escribir",10818
"505","Preescolar","Asiste","No.sabe.leer.y.escribir",29229
"506","Preescolar","Asiste","No.sabe.leer.y.escribir",1871713
"507","Preescolar","Asiste","No.sabe.leer.y.escribir",92904
"508","Preescolar","Asiste","No.sabe.leer.y.escribir",87642
"509","Preescolar","Asiste","No.sabe.leer.y.escribir",39154
"510","Preescolar","Asiste","No.sabe.leer.y.escribir",118430
"511","Preescolar","Asiste","No.sabe.leer.y.escribir",179003
"512","Preescolar","Asiste","No.sabe.leer.y.escribir",92930
"513","Preescolar","Asiste","No.sabe.leer.y.escribir",24358
"514","Preescolar","Asiste","No.sabe.leer.y.escribir",21475
"515","Preescolar","Asiste","No.sabe.leer.y.escribir",63377
"516","Preescolar","Asiste","No.sabe.leer.y.escribir",78056
"517","Preescolar","Asiste","No.sabe.leer.y.escribir",102130
"518","Preescolar","Asiste","No.sabe.leer.y.escribir",28115
"519","Preescolar","Asiste","No.sabe.leer.y.escribir",28565
"520","Preescolar","Asiste","No.sabe.leer.y.escribir",35962
"521","Preescolar","Asiste","No.sabe.leer.y.escribir",36602
"522","Preescolar","Asiste","No.sabe.leer.y.escribir",46085
"523","Preescolar","Asiste","No.sabe.leer.y.escribir",42302
"524","Preescolar","Asiste","No.sabe.leer.y.escribir",45839
"525","Preescolar","Asiste","No.sabe.leer.y.escribir",16874
"526","Preescolar","Asiste","No.sabe.leer.y.escribir",131758
"527","Preescolar","Asiste","No.sabe.leer.y.escribir",32779
"528","Preescolar","Asiste","No.sabe.leer.y.escribir",23079
"529","Primaria","Asiste","No.sabe.leer.y.escribir",17770
"530","Primaria","Asiste","No.sabe.leer.y.escribir",52605
"531","Primaria","Asiste","No.sabe.leer.y.escribir",12780
"532","Primaria","Asiste","No.sabe.leer.y.escribir",14959
"533","Primaria","Asiste","No.sabe.leer.y.escribir",202707
"534","Primaria","Asiste","No.sabe.leer.y.escribir",55258
"535","Primaria","Asiste","No.sabe.leer.y.escribir",69130
"536","Primaria","Asiste","No.sabe.leer.y.escribir",39038
"537","Primaria","Asiste","No.sabe.leer.y.escribir",10818
"538","Primaria","Asiste","No.sabe.leer.y.escribir",29229
"539","Primaria","Asiste","No.sabe.leer.y.escribir",1871713
"540","Primaria","Asiste","No.sabe.leer.y.escribir",92904
"541","Primaria","Asiste","No.sabe.leer.y.escribir",87642
"542","Primaria","Asiste","No.sabe.leer.y.escribir",39154
"543","Primaria","Asiste","No.sabe.leer.y.escribir",118430
"544","Primaria","Asiste","No.sabe.leer.y.escribir",179003
"545","Primaria","Asiste","No.sabe.leer.y.escribir",92930
"546","Primaria","Asiste","No.sabe.leer.y.escribir",24358
"547","Primaria","Asiste","No.sabe.leer.y.escribir",21475
"548","Primaria","Asiste","No.sabe.leer.y.escribir",63377
"549","Primaria","Asiste","No.sabe.leer.y.escribir",78056
"550","Primaria","Asiste","No.sabe.leer.y.escribir",102130
"551","Primaria","Asiste","No.sabe.leer.y.escribir",28115
"552","Primaria","Asiste","No.sabe.leer.y.escribir",28565
"553","Primaria","Asiste","No.sabe.leer.y.escribir",35962
"554","Primaria","Asiste","No.sabe.leer.y.escribir",36602
"555","Primaria","Asiste","No.sabe.leer.y.escribir",46085
"556","Primaria","Asiste","No.sabe.leer.y.escribir",42302
"557","Primaria","Asiste","No.sabe.leer.y.escribir",45839
"558","Primaria","Asiste","No.sabe.leer.y.escribir",16874
"559","Primaria","Asiste","No.sabe.leer.y.escribir",131758
"560","Primaria","Asiste","No.sabe.leer.y.escribir",32779
"561","Primaria","Asiste","No.sabe.leer.y.escribir",23079
"562","Secundaria","Asiste","No.sabe.leer.y.escribir",17770
"563","Secundaria","Asiste","No.sabe.leer.y.escribir",52605
"564","Secundaria","Asiste","No.sabe.leer.y.escribir",12780
"565","Secundaria","Asiste","No.sabe.leer.y.escribir",14959
"566","Secundaria","Asiste","No.sabe.leer.y.escribir",202707
"567","Secundaria","Asiste","No.sabe.leer.y.escribir",55258
"568","Secundaria","Asiste","No.sabe.leer.y.escribir",69130
"569","Secundaria","Asiste","No.sabe.leer.y.escribir",39038
"570","Secundaria","Asiste","No.sabe.leer.y.escribir",10818
"571","Secundaria","Asiste","No.sabe.leer.y.escribir",29229
"572","Secundaria","Asiste","No.sabe.leer.y.escribir",1871713
"573","Secundaria","Asiste","No.sabe.leer.y.escribir",92904
"574","Secundaria","Asiste","No.sabe.leer.y.escribir",87642
"575","Secundaria","Asiste","No.sabe.leer.y.escribir",39154
"576","Secundaria","Asiste","No.sabe.leer.y.escribir",118430
"577","Secundaria","Asiste","No.sabe.leer.y.escribir",179003
"578","Secundaria","Asiste","No.sabe.leer.y.escribir",92930
"579","Secundaria","Asiste","No.sabe.leer.y.escribir",24358
"580","Secundaria","Asiste","No.sabe.leer.y.escribir",21475
"581","Secundaria","Asiste","No.sabe.leer.y.escribir",63377
"582","Secundaria","Asiste","No.sabe.leer.y.escribir",78056
"583","Secundaria","Asiste","No.sabe.leer.y.escribir",102130
"584","Secundaria","Asiste","No.sabe.leer.y.escribir",28115
"585","Secundaria","Asiste","No.sabe.leer.y.escribir",28565
"586","Secundaria","Asiste","No.sabe.leer.y.escribir",35962
"587","Secundaria","Asiste","No.sabe.leer.y.escribir",36602
"588","Secundaria","Asiste","No.sabe.leer.y.escribir",46085
"589","Secundaria","Asiste","No.sabe.leer.y.escribir",42302
"590","Secundaria","Asiste","No.sabe.leer.y.escribir",45839
"591","Secundaria","Asiste","No.sabe.leer.y.escribir",16874
"592","Secundaria","Asiste","No.sabe.leer.y.escribir",131758
"593","Secundaria","Asiste","No.sabe.leer.y.escribir",32779
"594","Secundaria","Asiste","No.sabe.leer.y.escribir",23079
"595","Preparatoria.o.bachillerato","Asiste","No.sabe.leer.y.escribir",17770
"596","Preparatoria.o.bachillerato","Asiste","No.sabe.leer.y.escribir",52605
"597","Preparatoria.o.bachillerato","Asiste","No.sabe.leer.y.escribir",12780
"598","Preparatoria.o.bachillerato","Asiste","No.sabe.leer.y.escribir",14959
"599","Preparatoria.o.bachillerato","Asiste","No.sabe.leer.y.escribir",202707
"600","Preparatoria.o.bachillerato","Asiste","No.sabe.leer.y.escribir",55258
"601","Preparatoria.o.bachillerato","Asiste","No.sabe.leer.y.escribir",69130
"602","Preparatoria.o.bachillerato","Asiste","No.sabe.leer.y.escribir",39038
"603","Preparatoria.o.bachillerato","Asiste","No.sabe.leer.y.escribir",10818
"604","Preparatoria.o.bachillerato","Asiste","No.sabe.leer.y.escribir",29229
"605","Preparatoria.o.bachillerato","Asiste","No.sabe.leer.y.escribir",1871713
"606","Preparatoria.o.bachillerato","Asiste","No.sabe.leer.y.escribir",92904
"607","Preparatoria.o.bachillerato","Asiste","No.sabe.leer.y.escribir",87642
"608","Preparatoria.o.bachillerato","Asiste","No.sabe.leer.y.escribir",39154
"609","Preparatoria.o.bachillerato","Asiste","No.sabe.leer.y.escribir",118430
"610","Preparatoria.o.bachillerato","Asiste","No.sabe.leer.y.escribir",179003
"611","Preparatoria.o.bachillerato","Asiste","No.sabe.leer.y.escribir",92930
"612","Preparatoria.o.bachillerato","Asiste","No.sabe.leer.y.escribir",24358
"613","Preparatoria.o.bachillerato","Asiste","No.sabe.leer.y.escribir",21475
"614","Preparatoria.o.bachillerato","Asiste","No.sabe.leer.y.escribir",63377
"615","Preparatoria.o.bachillerato","Asiste","No.sabe.leer.y.escribir",78056
"616","Preparatoria.o.bachillerato","Asiste","No.sabe.leer.y.escribir",102130
"617","Preparatoria.o.bachillerato","Asiste","No.sabe.leer.y.escribir",28115
"618","Preparatoria.o.bachillerato","Asiste","No.sabe.leer.y.escribir",28565
"619","Preparatoria.o.bachillerato","Asiste","No.sabe.leer.y.escribir",35962
"620","Preparatoria.o.bachillerato","Asiste","No.sabe.leer.y.escribir",36602
"621","Preparatoria.o.bachillerato","Asiste","No.sabe.leer.y.escribir",46085
"622","Preparatoria.o.bachillerato","Asiste","No.sabe.leer.y.escribir",42302
"623","Preparatoria.o.bachillerato","Asiste","No.sabe.leer.y.escribir",45839
"624","Preparatoria.o.bachillerato","Asiste","No.sabe.leer.y.escribir",16874
"625","Preparatoria.o.bachillerato","Asiste","No.sabe.leer.y.escribir",131758
"626","Preparatoria.o.bachillerato","Asiste","No.sabe.leer.y.escribir",32779
"627","Preparatoria.o.bachillerato","Asiste","No.sabe.leer.y.escribir",23079
"628","Licenciatura.o.equivalente","Asiste","No.sabe.leer.y.escribir",17770
"629","Licenciatura.o.equivalente","Asiste","No.sabe.leer.y.escribir",52605
"630","Licenciatura.o.equivalente","Asiste","No.sabe.leer.y.escribir",12780
"631","Licenciatura.o.equivalente","Asiste","No.sabe.leer.y.escribir",14959
"632","Licenciatura.o.equivalente","Asiste","No.sabe.leer.y.escribir",202707
"633","Licenciatura.o.equivalente","Asiste","No.sabe.leer.y.escribir",55258
"634","Licenciatura.o.equivalente","Asiste","No.sabe.leer.y.escribir",69130
"635","Licenciatura.o.equivalente","Asiste","No.sabe.leer.y.escribir",39038
"636","Licenciatura.o.equivalente","Asiste","No.sabe.leer.y.escribir",10818
"637","Licenciatura.o.equivalente","Asiste","No.sabe.leer.y.escribir",29229
"638","Licenciatura.o.equivalente","Asiste","No.sabe.leer.y.escribir",1871713
"639","Licenciatura.o.equivalente","Asiste","No.sabe.leer.y.escribir",92904
"640","Licenciatura.o.equivalente","Asiste","No.sabe.leer.y.escribir",87642
"641","Licenciatura.o.equivalente","Asiste","No.sabe.leer.y.escribir",39154
"642","Licenciatura.o.equivalente","Asiste","No.sabe.leer.y.escribir",118430
"643","Licenciatura.o.equivalente","Asiste","No.sabe.leer.y.escribir",179003
"644","Licenciatura.o.equivalente","Asiste","No.sabe.leer.y.escribir",92930
"645","Licenciatura.o.equivalente","Asiste","No.sabe.leer.y.escribir",24358
"646","Licenciatura.o.equivalente","Asiste","No.sabe.leer.y.escribir",21475
"647","Licenciatura.o.equivalente","Asiste","No.sabe.leer.y.escribir",63377
"648","Licenciatura.o.equivalente","Asiste","No.sabe.leer.y.escribir",78056
"649","Licenciatura.o.equivalente","Asiste","No.sabe.leer.y.escribir",102130
"650","Licenciatura.o.equivalente","Asiste","No.sabe.leer.y.escribir",28115
"651","Licenciatura.o.equivalente","Asiste","No.sabe.leer.y.escribir",28565
"652","Licenciatura.o.equivalente","Asiste","No.sabe.leer.y.escribir",35962
"653","Licenciatura.o.equivalente","Asiste","No.sabe.leer.y.escribir",36602
"654","Licenciatura.o.equivalente","Asiste","No.sabe.leer.y.escribir",46085
"655","Licenciatura.o.equivalente","Asiste","No.sabe.leer.y.escribir",42302
"656","Licenciatura.o.equivalente","Asiste","No.sabe.leer.y.escribir",45839
"657","Licenciatura.o.equivalente","Asiste","No.sabe.leer.y.escribir",16874
"658","Licenciatura.o.equivalente","Asiste","No.sabe.leer.y.escribir",131758
"659","Licenciatura.o.equivalente","Asiste","No.sabe.leer.y.escribir",32779
"660","Licenciatura.o.equivalente","Asiste","No.sabe.leer.y.escribir",23079
"661","Posgrado","Asiste","No.sabe.leer.y.escribir",17770
"662","Posgrado","Asiste","No.sabe.leer.y.escribir",52605
"663","Posgrado","Asiste","No.sabe.leer.y.escribir",12780
"664","Posgrado","Asiste","No.sabe.leer.y.escribir",14959
"665","Posgrado","Asiste","No.sabe.leer.y.escribir",202707
"666","Posgrado","Asiste","No.sabe.leer.y.escribir",55258
"667","Posgrado","Asiste","No.sabe.leer.y.escribir",69130
"668","Posgrado","Asiste","No.sabe.leer.y.escribir",39038
"669","Posgrado","Asiste","No.sabe.leer.y.escribir",10818
"670","Posgrado","Asiste","No.sabe.leer.y.escribir",29229
"671","Posgrado","Asiste","No.sabe.leer.y.escribir",1871713
"672","Posgrado","Asiste","No.sabe.leer.y.escribir",92904
"673","Posgrado","Asiste","No.sabe.leer.y.escribir",87642
"674","Posgrado","Asiste","No.sabe.leer.y.escribir",39154
"675","Posgrado","Asiste","No.sabe.leer.y.escribir",118430
"676","Posgrado","Asiste","No.sabe.leer.y.escribir",179003
"677","Posgrado","Asiste","No.sabe.leer.y.escribir",92930
"678","Posgrado","Asiste","No.sabe.leer.y.escribir",24358
"679","Posgrado","Asiste","No.sabe.leer.y.escribir",21475
"680","Posgrado","Asiste","No.sabe.leer.y.escribir",63377
"681","Posgrado","Asiste","No.sabe.leer.y.escribir",78056
"682","Posgrado","Asiste","No.sabe.leer.y.escribir",102130
"683","Posgrado","Asiste","No.sabe.leer.y.escribir",28115
"684","Posgrado","Asiste","No.sabe.leer.y.escribir",28565
"685","Posgrado","Asiste","No.sabe.leer.y.escribir",35962
"686","Posgrado","Asiste","No.sabe.leer.y.escribir",36602
"687","Posgrado","Asiste","No.sabe.leer.y.escribir",46085
"688","Posgrado","Asiste","No.sabe.leer.y.escribir",42302
"689","Posgrado","Asiste","No.sabe.leer.y.escribir",45839
"690","Posgrado","Asiste","No.sabe.leer.y.escribir",16874
"691","Posgrado","Asiste","No.sabe.leer.y.escribir",131758
"692","Posgrado","Asiste","No.sabe.leer.y.escribir",32779
"693","Posgrado","Asiste","No.sabe.leer.y.escribir",23079
"694","Sin.escolaridad","No.asiste","No.sabe.leer.y.escribir",17770
"695","Sin.escolaridad","No.asiste","No.sabe.leer.y.escribir",52605
"696","Sin.escolaridad","No.asiste","No.sabe.leer.y.escribir",12780
"697","Sin.escolaridad","No.asiste","No.sabe.leer.y.escribir",14959
"698","Sin.escolaridad","No.asiste","No.sabe.leer.y.escribir",202707
"699","Sin.escolaridad","No.asiste","No.sabe.leer.y.escribir",55258
"700","Sin.escolaridad","No.asiste","No.sabe.leer.y.escribir",69130
"701","Sin.escolaridad","No.asiste","No.sabe.leer.y.escribir",39038
"702","Sin.escolaridad","No.asiste","No.sabe.leer.y.escribir",10818
"703","Sin.escolaridad","No.asiste","No.sabe.leer.y.escribir",29229
"704","Sin.escolaridad","No.asiste","No.sabe.leer.y.escribir",1871713
"705","Sin.escolaridad","No.asiste","No.sabe.leer.y.escribir",92904
"706","Sin.escolaridad","No.asiste","No.sabe.leer.y.escribir",87642
"707","Sin.escolaridad","No.asiste","No.sabe.leer.y.escribir",39154
"708","Sin.escolaridad","No.asiste","No.sabe.leer.y.escribir",118430
"709","Sin.escolaridad","No.asiste","No.sabe.leer.y.escribir",179003
"710","Sin.escolaridad","No.asiste","No.sabe.leer.y.escribir",92930
"711","Sin.escolaridad","No.asiste","No.sabe.leer.y.escribir",24358
"712","Sin.escolaridad","No.asiste","No.sabe.leer.y.escribir",21475
"713","Sin.escolaridad","No.asiste","No.sabe.leer.y.escribir",63377
"714","Sin.escolaridad","No.asiste","No.sabe.leer.y.escribir",78056
"715","Sin.escolaridad","No.asiste","No.sabe.leer.y.escribir",102130
"716","Sin.escolaridad","No.asiste","No.sabe.leer.y.escribir",28115
"717","Sin.escolaridad","No.asiste","No.sabe.leer.y.escribir",28565
"718","Sin.escolaridad","No.asiste","No.sabe.leer.y.escribir",35962
"719","Sin.escolaridad","No.asiste","No.sabe.leer.y.escribir",36602
"720","Sin.escolaridad","No.asiste","No.sabe.leer.y.escribir",46085
"721","Sin.escolaridad","No.asiste","No.sabe.leer.y.escribir",42302
"722","Sin.escolaridad","No.asiste","No.sabe.leer.y.escribir",45839
"723","Sin.escolaridad","No.asiste","No.sabe.leer.y.escribir",16874
"724","Sin.escolaridad","No.asiste","No.sabe.leer.y.escribir",131758
"725","Sin.escolaridad","No.asiste","No.sabe.leer.y.escribir",32779
"726","Sin.escolaridad","No.asiste","No.sabe.leer.y.escribir",23079
"727","Preescolar","No.asiste","No.sabe.leer.y.escribir",17770
"728","Preescolar","No.asiste","No.sabe.leer.y.escribir",52605
"729","Preescolar","No.asiste","No.sabe.leer.y.escribir",12780
"730","Preescolar","No.asiste","No.sabe.leer.y.escribir",14959
"731","Preescolar","No.asiste","No.sabe.leer.y.escribir",202707
"732","Preescolar","No.asiste","No.sabe.leer.y.escribir",55258
"733","Preescolar","No.asiste","No.sabe.leer.y.escribir",69130
"734","Preescolar","No.asiste","No.sabe.leer.y.escribir",39038
"735","Preescolar","No.asiste","No.sabe.leer.y.escribir",10818
"736","Preescolar","No.asiste","No.sabe.leer.y.escribir",29229
"737","Preescolar","No.asiste","No.sabe.leer.y.escribir",1871713
"738","Preescolar","No.asiste","No.sabe.leer.y.escribir",92904
"739","Preescolar","No.asiste","No.sabe.leer.y.escribir",87642
"740","Preescolar","No.asiste","No.sabe.leer.y.escribir",39154
"741","Preescolar","No.asiste","No.sabe.leer.y.escribir",118430
"742","Preescolar","No.asiste","No.sabe.leer.y.escribir",179003
"743","Preescolar","No.asiste","No.sabe.leer.y.escribir",92930
"744","Preescolar","No.asiste","No.sabe.leer.y.escribir",24358
"745","Preescolar","No.asiste","No.sabe.leer.y.escribir",21475
"746","Preescolar","No.asiste","No.sabe.leer.y.escribir",63377
"747","Preescolar","No.asiste","No.sabe.leer.y.escribir",78056
"748","Preescolar","No.asiste","No.sabe.leer.y.escribir",102130
"749","Preescolar","No.asiste","No.sabe.leer.y.escribir",28115
"750","Preescolar","No.asiste","No.sabe.leer.y.escribir",28565
"751","Preescolar","No.asiste","No.sabe.leer.y.escribir",35962
"752","Preescolar","No.asiste","No.sabe.leer.y.escribir",36602
"753","Preescolar","No.asiste","No.sabe.leer.y.escribir",46085
"754","Preescolar","No.asiste","No.sabe.leer.y.escribir",42302
"755","Preescolar","No.asiste","No.sabe.leer.y.escribir",45839
"756","Preescolar","No.asiste","No.sabe.leer.y.escribir",16874
"757","Preescolar","No.asiste","No.sabe.leer.y.escribir",131758
"758","Preescolar","No.asiste","No.sabe.leer.y.escribir",32779
"759","Preescolar","No.asiste","No.sabe.leer.y.escribir",23079
"760","Primaria","No.asiste","No.sabe.leer.y.escribir",17770
"761","Primaria","No.asiste","No.sabe.leer.y.escribir",52605
"762","Primaria","No.asiste","No.sabe.leer.y.escribir",12780
"763","Primaria","No.asiste","No.sabe.leer.y.escribir",14959
"764","Primaria","No.asiste","No.sabe.leer.y.escribir",202707
"765","Primaria","No.asiste","No.sabe.leer.y.escribir",55258
"766","Primaria","No.asiste","No.sabe.leer.y.escribir",69130
"767","Primaria","No.asiste","No.sabe.leer.y.escribir",39038
"768","Primaria","No.asiste","No.sabe.leer.y.escribir",10818
"769","Primaria","No.asiste","No.sabe.leer.y.escribir",29229
"770","Primaria","No.asiste","No.sabe.leer.y.escribir",1871713
"771","Primaria","No.asiste","No.sabe.leer.y.escribir",92904
"772","Primaria","No.asiste","No.sabe.leer.y.escribir",87642
"773","Primaria","No.asiste","No.sabe.leer.y.escribir",39154
"774","Primaria","No.asiste","No.sabe.leer.y.escribir",118430
"775","Primaria","No.asiste","No.sabe.leer.y.escribir",179003
"776","Primaria","No.asiste","No.sabe.leer.y.escribir",92930
"777","Primaria","No.asiste","No.sabe.leer.y.escribir",24358
"778","Primaria","No.asiste","No.sabe.leer.y.escribir",21475
"779","Primaria","No.asiste","No.sabe.leer.y.escribir",63377
"780","Primaria","No.asiste","No.sabe.leer.y.escribir",78056
"781","Primaria","No.asiste","No.sabe.leer.y.escribir",102130
"782","Primaria","No.asiste","No.sabe.leer.y.escribir",28115
"783","Primaria","No.asiste","No.sabe.leer.y.escribir",28565
"784","Primaria","No.asiste","No.sabe.leer.y.escribir",35962
"785","Primaria","No.asiste","No.sabe.leer.y.escribir",36602
"786","Primaria","No.asiste","No.sabe.leer.y.escribir",46085
"787","Primaria","No.asiste","No.sabe.leer.y.escribir",42302
"788","Primaria","No.asiste","No.sabe.leer.y.escribir",45839
"789","Primaria","No.asiste","No.sabe.leer.y.escribir",16874
"790","Primaria","No.asiste","No.sabe.leer.y.escribir",131758
"791","Primaria","No.asiste","No.sabe.leer.y.escribir",32779
"792","Primaria","No.asiste","No.sabe.leer.y.escribir",23079
"793","Secundaria","No.asiste","No.sabe.leer.y.escribir",17770
"794","Secundaria","No.asiste","No.sabe.leer.y.escribir",52605
"795","Secundaria","No.asiste","No.sabe.leer.y.escribir",12780
"796","Secundaria","No.asiste","No.sabe.leer.y.escribir",14959
"797","Secundaria","No.asiste","No.sabe.leer.y.escribir",202707
"798","Secundaria","No.asiste","No.sabe.leer.y.escribir",55258
"799","Secundaria","No.asiste","No.sabe.leer.y.escribir",69130
"800","Secundaria","No.asiste","No.sabe.leer.y.escribir",39038
"801","Secundaria","No.asiste","No.sabe.leer.y.escribir",10818
"802","Secundaria","No.asiste","No.sabe.leer.y.escribir",29229
"803","Secundaria","No.asiste","No.sabe.leer.y.escribir",1871713
"804","Secundaria","No.asiste","No.sabe.leer.y.escribir",92904
"805","Secundaria","No.asiste","No.sabe.leer.y.escribir",87642
"806","Secundaria","No.asiste","No.sabe.leer.y.escribir",39154
"807","Secundaria","No.asiste","No.sabe.leer.y.escribir",118430
"808","Secundaria","No.asiste","No.sabe.leer.y.escribir",179003
"809","Secundaria","No.asiste","No.sabe.leer.y.escribir",92930
"810","Secundaria","No.asiste","No.sabe.leer.y.escribir",24358
"811","Secundaria","No.asiste","No.sabe.leer.y.escribir",21475
"812","Secundaria","No.asiste","No.sabe.leer.y.escribir",63377
"813","Secundaria","No.asiste","No.sabe.leer.y.escribir",78056
"814","Secundaria","No.asiste","No.sabe.leer.y.escribir",102130
"815","Secundaria","No.asiste","No.sabe.leer.y.escribir",28115
"816","Secundaria","No.asiste","No.sabe.leer.y.escribir",28565
"817","Secundaria","No.asiste","No.sabe.leer.y.escribir",35962
"818","Secundaria","No.asiste","No.sabe.leer.y.escribir",36602
"819","Secundaria","No.asiste","No.sabe.leer.y.escribir",46085
"820","Secundaria","No.asiste","No.sabe.leer.y.escribir",42302
"821","Secundaria","No.asiste","No.sabe.leer.y.escribir",45839
"822","Secundaria","No.asiste","No.sabe.leer.y.escribir",16874
"823","Secundaria","No.asiste","No.sabe.leer.y.escribir",131758
"824","Secundaria","No.asiste","No.sabe.leer.y.escribir",32779
"825","Secundaria","No.asiste","No.sabe.leer.y.escribir",23079
"826","Preparatoria.o.bachillerato","No.asiste","No.sabe.leer.y.escribir",17770
"827","Preparatoria.o.bachillerato","No.asiste","No.sabe.leer.y.escribir",52605
"828","Preparatoria.o.bachillerato","No.asiste","No.sabe.leer.y.escribir",12780
"829","Preparatoria.o.bachillerato","No.asiste","No.sabe.leer.y.escribir",14959
"830","Preparatoria.o.bachillerato","No.asiste","No.sabe.leer.y.escribir",202707
"831","Preparatoria.o.bachillerato","No.asiste","No.sabe.leer.y.escribir",55258
"832","Preparatoria.o.bachillerato","No.asiste","No.sabe.leer.y.escribir",69130
"833","Preparatoria.o.bachillerato","No.asiste","No.sabe.leer.y.escribir",39038
"834","Preparatoria.o.bachillerato","No.asiste","No.sabe.leer.y.escribir",10818
"835","Preparatoria.o.bachillerato","No.asiste","No.sabe.leer.y.escribir",29229
"836","Preparatoria.o.bachillerato","No.asiste","No.sabe.leer.y.escribir",1871713
"837","Preparatoria.o.bachillerato","No.asiste","No.sabe.leer.y.escribir",92904
"838","Preparatoria.o.bachillerato","No.asiste","No.sabe.leer.y.escribir",87642
"839","Preparatoria.o.bachillerato","No.asiste","No.sabe.leer.y.escribir",39154
"840","Preparatoria.o.bachillerato","No.asiste","No.sabe.leer.y.escribir",118430
"841","Preparatoria.o.bachillerato","No.asiste","No.sabe.leer.y.escribir",179003
"842","Preparatoria.o.bachillerato","No.asiste","No.sabe.leer.y.escribir",92930
"843","Preparatoria.o.bachillerato","No.asiste","No.sabe.leer.y.escribir",24358
"844","Preparatoria.o.bachillerato","No.asiste","No.sabe.leer.y.escribir",21475
"845","Preparatoria.o.bachillerato","No.asiste","No.sabe.leer.y.escribir",63377
"846","Preparatoria.o.bachillerato","No.asiste","No.sabe.leer.y.escribir",78056
"847","Preparatoria.o.bachillerato","No.asiste","No.sabe.leer.y.escribir",102130
"848","Preparatoria.o.bachillerato","No.asiste","No.sabe.leer.y.escribir",28115
"849","Preparatoria.o.bachillerato","No.asiste","No.sabe.leer.y.escribir",28565
"850","Preparatoria.o.bachillerato","No.asiste","No.sabe.leer.y.escribir",35962
"851","Preparatoria.o.bachillerato","No.asiste","No.sabe.leer.y.escribir",36602
"852","Preparatoria.o.bachillerato","No.asiste","No.sabe.leer.y.escribir",46085
"853","Preparatoria.o.bachillerato","No.asiste","No.sabe.leer.y.escribir",42302
"854","Preparatoria.o.bachillerato","No.asiste","No.sabe.leer.y.escribir",45839
"855","Preparatoria.o.bachillerato","No.asiste","No.sabe.leer.y.escribir",16874
"856","Preparatoria.o.bachillerato","No.asiste","No.sabe.leer.y.escribir",131758
"857","Preparatoria.o.bachillerato","No.asiste","No.sabe.leer.y.escribir",32779
"858","Preparatoria.o.bachillerato","No.asiste","No.sabe.leer.y.escribir",23079
"859","Licenciatura.o.equivalente","No.asiste","No.sabe.leer.y.escribir",17770
"860","Licenciatura.o.equivalente","No.asiste","No.sabe.leer.y.escribir",52605
"861","Licenciatura.o.equivalente","No.asiste","No.sabe.leer.y.escribir",12780
"862","Licenciatura.o.equivalente","No.asiste","No.sabe.leer.y.escribir",14959
"863","Licenciatura.o.equivalente","No.asiste","No.sabe.leer.y.escribir",202707
"864","Licenciatura.o.equivalente","No.asiste","No.sabe.leer.y.escribir",55258
"865","Licenciatura.o.equivalente","No.asiste","No.sabe.leer.y.escribir",69130
"866","Licenciatura.o.equivalente","No.asiste","No.sabe.leer.y.escribir",39038
"867","Licenciatura.o.equivalente","No.asiste","No.sabe.leer.y.escribir",10818
"868","Licenciatura.o.equivalente","No.asiste","No.sabe.leer.y.escribir",29229
"869","Licenciatura.o.equivalente","No.asiste","No.sabe.leer.y.escribir",1871713
"870","Licenciatura.o.equivalente","No.asiste","No.sabe.leer.y.escribir",92904
"871","Licenciatura.o.equivalente","No.asiste","No.sabe.leer.y.escribir",87642
"872","Licenciatura.o.equivalente","No.asiste","No.sabe.leer.y.escribir",39154
"873","Licenciatura.o.equivalente","No.asiste","No.sabe.leer.y.escribir",118430
"874","Licenciatura.o.equivalente","No.asiste","No.sabe.leer.y.escribir",179003
"875","Licenciatura.o.equivalente","No.asiste","No.sabe.leer.y.escribir",92930
"876","Licenciatura.o.equivalente","No.asiste","No.sabe.leer.y.escribir",24358
"877","Licenciatura.o.equivalente","No.asiste","No.sabe.leer.y.escribir",21475
"878","Licenciatura.o.equivalente","No.asiste","No.sabe.leer.y.escribir",63377
"879","Licenciatura.o.equivalente","No.asiste","No.sabe.leer.y.escribir",78056
"880","Licenciatura.o.equivalente","No.asiste","No.sabe.leer.y.escribir",102130
"881","Licenciatura.o.equivalente","No.asiste","No.sabe.leer.y.escribir",28115
"882","Licenciatura.o.equivalente","No.asiste","No.sabe.leer.y.escribir",28565
"883","Licenciatura.o.equivalente","No.asiste","No.sabe.leer.y.escribir",35962
"884","Licenciatura.o.equivalente","No.asiste","No.sabe.leer.y.escribir",36602
"885","Licenciatura.o.equivalente","No.asiste","No.sabe.leer.y.escribir",46085
"886","Licenciatura.o.equivalente","No.asiste","No.sabe.leer.y.escribir",42302
"887","Licenciatura.o.equivalente","No.asiste","No.sabe.leer.y.escribir",45839
"888","Licenciatura.o.equivalente","No.asiste","No.sabe.leer.y.escribir",16874
"889","Licenciatura.o.equivalente","No.asiste","No.sabe.leer.y.escribir",131758
"890","Licenciatura.o.equivalente","No.asiste","No.sabe.leer.y.escribir",32779
"891","Licenciatura.o.equivalente","No.asiste","No.sabe.leer.y.escribir",23079
"892","Posgrado","No.asiste","No.sabe.leer.y.escribir",17770
"893","Posgrado","No.asiste","No.sabe.leer.y.escribir",52605
"894","Posgrado","No.asiste","No.sabe.leer.y.escribir",12780
"895","Posgrado","No.asiste","No.sabe.leer.y.escribir",14959
"896","Posgrado","No.asiste","No.sabe.leer.y.escribir",202707
"897","Posgrado","No.asiste","No.sabe.leer.y.escribir",55258
"898","Posgrado","No.asiste","No.sabe.leer.y.escribir",69130
"899","Posgrado","No.asiste","No.sabe.leer.y.escribir",39038
"900","Posgrado","No.asiste","No.sabe.leer.y.escribir",10818
"901","Posgrado","No.asiste","No.sabe.leer.y.escribir",29229
"902","Posgrado","No.asiste","No.sabe.leer.y.escribir",1871713
"903","Posgrado","No.asiste","No.sabe.leer.y.escribir",92904
"904","Posgrado","No.asiste","No.sabe.leer.y.escribir",87642
"905","Posgrado","No.asiste","No.sabe.leer.y.escribir",39154
"906","Posgrado","No.asiste","No.sabe.leer.y.escribir",118430
"907","Posgrado","No.asiste","No.sabe.leer.y.escribir",179003
"908","Posgrado","No.asiste","No.sabe.leer.y.escribir",92930
"909","Posgrado","No.asiste","No.sabe.leer.y.escribir",24358
"910","Posgrado","No.asiste","No.sabe.leer.y.escribir",21475
"911","Posgrado","No.asiste","No.sabe.leer.y.escribir",63377
"912","Posgrado","No.asiste","No.sabe.leer.y.escribir",78056
"913","Posgrado","No.asiste","No.sabe.leer.y.escribir",102130
"914","Posgrado","No.asiste","No.sabe.leer.y.escribir",28115
"915","Posgrado","No.asiste","No.sabe.leer.y.escribir",28565
"916","Posgrado","No.asiste","No.sabe.leer.y.escribir",35962
"917","Posgrado","No.asiste","No.sabe.leer.y.escribir",36602
"918","Posgrado","No.asiste","No.sabe.leer.y.escribir",46085
"919","Posgrado","No.asiste","No.sabe.leer.y.escribir",42302
"920","Posgrado","No.asiste","No.sabe.leer.y.escribir",45839
"921","Posgrado","No.asiste","No.sabe.leer.y.escribir",16874
"922","Posgrado","No.asiste","No.sabe.leer.y.escribir",131758
"923","Posgrado","No.asiste","No.sabe.leer.y.escribir",32779
"924","Posgrado","No.asiste","No.sabe.leer.y.escribir",23079
